{
    "desc": "method-level:(compress_ratio, compress_time)",
    "bz2-7": [
        3.434532016251329,
        5.125203371047974
    ],
    "zlib-6": [
        2.760434629143384,
        3.531127691268921
    ],
    "zlib-4": [
        2.6542187680688167,
        1.687537431716919
    ],
    "gzip-1": [
        2.380419939425567,
        1.0937161445617676
    ],
    "zlib-9": [
        2.7661372718558863,
        4.390604019165039
    ],
    "bz2-2": [
        3.1864303307716724,
        4.921902894973755
    ],
    "bz2-8": [
        3.4612000040112783,
        5.156265497207642
    ],
    "bz2-3": [
        3.2668346708999487,
        4.953161716461182
    ],
    "bz2-6": [
        3.405005149021972,
        5.093774318695068
    ],
    "bz2-9": [
        3.4826848667513803,
        5.187501907348633
    ],
    "lzma-3": [
        3.2269460463729476,
        18.390583753585815
    ],
    "gzip-4": [
        2.6542179321135784,
        1.6875009536743164
    ],
    "bz2-5": [
        3.3682464638715945,
        4.968780755996704
    ],
    "lzma-9": [
        4.057702394352024,
        59.468788862228394
    ],
    "lzma-7": [
        3.9204700453640555,
        50.141008377075195
    ],
    "zlib-0": [
        0.999923607625628,
        0.07802748680114746
    ],
    "bz2-4": [
        3.3257658759095103,
        4.984178066253662
    ],
    "gzip-9": [
        2.7661363639161083,
        4.4218175411224365
    ],
    "lzma-2": [
        3.150368799418424,
        10.204775094985962
    ],
    "lzma-0": [
        2.7399184581291745,
        4.390540838241577
    ],
    "gzip-3": [
        2.5475022351853287,
        1.6095092296600342
    ],
    "lzma-6": [
        3.8256023483824344,
        44.29676675796509
    ],
    "lzma-8": [
        4.001498820696111,
        58.062480211257935
    ],
    "gzip-5": [
        2.7346114392171175,
        2.546912431716919
    ],
    "zlib-2": [
        2.471420613194584,
        1.2030975818634033
    ],
    "zlib-3": [
        2.5475030052709378,
        1.5780785083770752
    ],
    "lzma-4": [
        3.609712232526981,
        31.187514305114746
    ],
    "zlib-7": [
        2.7643222051767995,
        3.937471389770508
    ],
    "gzip-0": [
        0.9999234889822998,
        0.12500929832458496
    ],
    "zlib-8": [
        2.7661185835489177,
        4.43750262260437
    ],
    "gzip-8": [
        2.766117675621408,
        4.421885251998901
    ],
    "zlib-5": [
        2.734612326579721,
        2.484335422515869
    ],
    "gzip-7": [
        2.764321298428163,
        3.983903646469116
    ],
    "gzip-2": [
        2.471419888420041,
        1.2343721389770508
    ],
    "bz2-1": [
        3.0387739267559133,
        5.031306982040405
    ],
    "zlib-1": [
        2.3804206118090097,
        1.0468847751617432
    ],
    "gzip-6": [
        2.760433724943347,
        3.6094419956207275
    ],
    "lzma-5": [
        3.804122744547092,
        41.8906774520874
    ],
    "lzma-1": [
        3.027996898226175,
        5.515610218048096
    ]
}